<?xml version="1.0" encoding="UTF-8"?>
<project-private xmlns="http://www.netbeans.org/ns/project-private/1">
    <editor-bookmarks xmlns="http://www.netbeans.org/ns/editor-bookmarks/2" lastBookmarkId="0"/>
    <open-files xmlns="http://www.netbeans.org/ns/projectui-open-files/2">
        <group name="Carolina"/>
        <group>
            <file>file:/C:/xampp/htdocs/sistemaweb1/sistemaweb/CRUDs/iHistoria_clinica.php</file>
            <file>file:/C:/xampp/htdocs/sistemaweb1/sistemaweb/CRUDs/iResultados_examenes.php</file>
            <file>file:/C:/xampp/htdocs/sistemaweb1/sistemaweb/PDF/ReportePacientes_pdf.php</file>
            <file>file:/C:/xampp/htdocs/sistemaweb1/sistemaweb/modelo/resources/class.database.php</file>
            <file>file:/C:/xampp/htdocs/sistemaweb1/sistemaweb/modelo/conexion/index.html</file>
            <file>file:/C:/xampp/htdocs/sistemaweb1/sistemaweb/modelo/class.historia_clinica.php</file>
            <file>file:/C:/xampp/htdocs/sistemaweb1/sistemaweb/vistas/bienvenido.php</file>
            <file>file:/C:/xampp/htdocs/sistemaweb1/sistemaweb/controllers/eHistoria_clinica.php</file>
            <file>file:/C:/xampp/htdocs/sistemaweb1/sistemaweb/modelo/class.citas.php</file>
            <file>file:/C:/xampp/htdocs/sistemaweb1/sistemaweb/modelo/class.resultados_examenes.php</file>
            <file>file:/C:/xampp/htdocs/sistemaweb1/sistemaweb/CRUDs/iSolicitudes_autorizaciones.php</file>
            <file>file:/C:/xampp/htdocs/sistemaweb1/sistemaweb/index.php</file>
            <file>file:/C:/xampp/htdocs/sistemaweb1/sistemaweb/modelo/class.usuario.php</file>
            <file>file:/C:/xampp/htdocs/sistemaweb1/sistemaweb/CRUDs/iUsuario.php</file>
            <file>file:/C:/xampp/htdocs/sistemaweb1/sistemaweb/CRUDs/iGasto.php</file>
            <file>file:/C:/xampp/htdocs/sistemaweb1/sistemaweb/PDF/ReporteHistorias_clinicas_pdf.php</file>
            <file>file:/C:/xampp/htdocs/sistemaweb1/sistemaweb/CRUDs/iVenta.php</file>
            <file>file:/C:/xampp/htdocs/sistemaweb1/sistemaweb/modelo/class.solicitudes_autorizaciones.php</file>
            <file>file:/C:/xampp/htdocs/sistemaweb1/sistemaweb/modelo/class.paciente.php</file>
            <file>file:/C:/xampp/htdocs/sistemaweb1/sistemaweb/controllers/iPaciente.php</file>
            <file>file:/C:/xampp/htdocs/sistemaweb1/sistemaweb/vistas/inicio.php</file>
            <file>file:/C:/xampp/htdocs/sistemaweb1/sistemaweb/controllers/iSolicitudes_autorizaciones.php</file>
            <file>file:/C:/xampp/htdocs/sistemaweb1/sistemaweb/controllers/iHistoria_clinica.php</file>
            <file>file:/C:/xampp/htdocs/sistemaweb1/sistemaweb/dist/html2fpdf/html2pdf.class.php</file>
            <file>file:/C:/xampp/htdocs/sistemaweb1/sistemaweb/modelo/resources/index.html</file>
            <file>file:/C:/xampp/htdocs/sistemaweb1/sistemaweb/CRUDs/iCitas.php</file>
            <file>file:/C:/xampp/htdocs/sistemaweb1/sistemaweb/modelo/conexion/class.database.php</file>
            <file>file:/C:/xampp/htdocs/sistemaweb1/sistemaweb/CRUDs/iPaciente.php</file>
            <file>file:/C:/xampp/htdocs/sistemaweb1/sistemaweb/controllers/eProducto.php</file>
            <file>file:/C:/xampp/htdocs/sistemaweb1/sistemaweb/controllers/iCitas.php</file>
            <file>file:/C:/xampp/htdocs/sistemaweb1/sistemaweb/CRUDs/iVentaProducto.php</file>
            <file>file:/C:/xampp/htdocs/sistemaweb1/sistemaweb/CRUDs/iCliente.php</file>
            <file>file:/C:/xampp/htdocs/sistemaweb1/sistemaweb/controllers/iResultados_examenes.php</file>
        </group>
    </open-files>
</project-private>
